City_ID,City,Country,Date,Lat,Lng,Max Temp,Humidity,Cloudiness,Wind Speed
0,Hilo,US,2021-07-31 02:13:10,19.7297,-155.09,78.53,73,90,0.0
1,Bambous Virieux,MU,2021-07-31 02:15:31,-20.3428,57.7575,70.05,68,75,11.5
2,Houma,US,2021-07-31 02:15:32,29.5958,-90.7195,87.8,86,85,1.01
3,Qingdao,CN,2021-07-31 02:12:45,36.0986,120.3719,82.17,69,0,3.87
4,Punta Arenas,CL,2021-07-31 02:12:05,-53.15,-70.9167,37.51,75,0,21.85
5,Bluff,NZ,2021-07-31 02:15:32,-46.6,168.3333,49.8,92,100,4.59
6,Lisala,CD,2021-07-31 02:15:33,2.15,21.5167,68.18,91,100,2.37
7,Merritt Island,US,2021-07-31 02:15:33,28.5392,-80.672,86.36,86,75,1.99
8,East London,ZA,2021-07-31 02:15:33,-33.0153,27.9116,58.37,55,1,6.89
9,Ponta Do Sol,PT,2021-07-31 02:15:33,32.6667,-17.1,73.0,81,0,5.46
10,Chuy,UY,2021-07-31 02:15:34,-33.6971,-53.4616,44.19,83,0,6.76
11,Qaanaaq,GL,2021-07-31 02:15:34,77.484,-69.3632,41.9,90,100,0.54
12,Nikolskoye,RU,2021-07-31 02:15:34,59.7035,30.7861,60.4,84,100,12.46
13,Coquimbo,CL,2021-07-31 02:15:35,-29.9533,-71.3436,49.73,87,90,2.3
14,Mar Del Plata,AR,2021-07-31 02:11:17,-38.0023,-57.5575,49.08,64,0,1.99
15,Puerto Ayora,EC,2021-07-31 02:15:35,-0.7393,-90.3518,70.56,96,28,3.0
16,Arlit,NE,2021-07-31 02:15:35,18.7369,7.3853,92.64,35,2,16.49
17,Karachi,PK,2021-07-31 02:15:35,24.9056,67.0822,80.42,83,75,17.27
18,Hermanus,ZA,2021-07-31 02:14:23,-34.4187,19.2345,51.91,81,3,5.14
19,Leningradskiy,RU,2021-07-31 02:15:36,69.3833,178.4167,33.48,93,99,18.25
20,Tyup,KG,2021-07-31 02:15:36,42.7276,78.3648,59.9,60,79,1.72
21,Kodiak,US,2021-07-31 02:11:52,57.79,-152.4072,58.51,67,90,0.0
22,Myitkyina,MM,2021-07-31 02:15:37,25.3833,97.4,75.85,99,100,0.78
23,Albany,US,2021-07-31 02:12:09,42.6001,-73.9662,61.45,68,0,4.0
24,Moron,AR,2021-07-31 02:12:48,-34.6534,-58.6198,53.98,60,0,4.0
25,College,US,2021-07-31 02:15:37,64.8569,-147.8028,73.38,58,75,3.44
26,Hithadhoo,MV,2021-07-31 02:15:37,-0.6,73.0833,80.92,74,73,2.77
27,Mataura,NZ,2021-07-31 02:15:36,-46.1927,168.8643,49.48,98,100,0.98
28,Dingle,PH,2021-07-31 02:15:38,10.9995,122.6711,88.3,65,100,14.0
29,Ilulissat,GL,2021-07-31 02:15:38,69.2167,-51.1,55.42,41,100,10.36
30,Dolores,AR,2021-07-31 02:15:39,-36.3132,-57.6792,42.13,73,0,8.84
31,Kapaa,US,2021-07-31 02:15:39,22.0752,-159.319,86.32,67,1,4.0
32,Cape Town,ZA,2021-07-31 02:15:39,-33.9258,18.4232,53.28,96,2,2.3
33,Ust-Barguzin,RU,2021-07-31 02:15:40,53.45,108.9833,57.13,90,96,4.21
34,Trofors,NO,2021-07-31 02:15:40,65.5333,13.4063,51.15,69,100,3.09
35,Valenca,BR,2021-07-31 02:15:40,-13.3703,-39.0731,67.28,95,100,7.67
36,Bathsheba,BB,2021-07-31 02:15:41,13.2167,-59.5167,81.21,83,40,16.11
37,Berestechko,UA,2021-07-31 02:15:41,50.3605,25.1107,63.0,76,49,6.42
38,Klaksvik,FO,2021-07-31 02:15:41,62.2266,-6.589,47.32,85,100,17.13
39,Rikitea,PF,2021-07-31 02:15:42,-23.1203,-134.9692,72.59,79,98,11.95
40,Barentu,ER,2021-07-31 02:15:42,15.1139,37.5928,66.7,90,100,6.8
41,Chokurdakh,RU,2021-07-31 02:15:42,70.6333,147.9167,60.21,47,41,19.98
42,Victoria,HK,2021-07-31 02:12:20,22.2855,114.1577,90.97,84,90,1.01
43,Barrow,US,2021-07-31 02:15:42,71.2906,-156.7887,50.02,87,90,8.05
44,Kaitangata,NZ,2021-07-31 02:15:43,-46.2817,169.8464,57.92,72,100,2.15
45,Ushuaia,AR,2021-07-31 02:15:43,-54.8,-68.3,35.26,75,40,5.75
46,Wuwei,CN,2021-07-31 02:15:43,37.9281,102.6414,87.93,18,0,6.02
47,Bay Roberts,CA,2021-07-31 02:15:44,47.5999,-53.2648,61.05,97,100,5.99
48,Port Alfred,ZA,2021-07-31 02:15:44,-33.5906,26.891,57.11,68,0,4.16
49,Port Elizabeth,ZA,2021-07-31 02:15:44,-33.918,25.5701,46.69,93,0,4.61
50,Sorland,NO,2021-07-31 02:15:45,67.667,12.6934,49.44,79,100,25.52
51,Georgetown,MY,2021-07-31 02:15:45,5.4112,100.3354,84.88,73,20,0.0
52,Antibes,FR,2021-07-31 02:15:45,43.5624,7.1278,74.68,79,0,1.14
53,Busselton,AU,2021-07-31 02:15:45,-33.65,115.3333,51.04,66,88,14.5
54,Savonlinna,FI,2021-07-31 02:15:46,61.8699,28.88,59.05,94,20,6.91
55,Upernavik,GL,2021-07-31 02:15:46,72.7868,-56.1549,40.6,85,8,12.93
56,Atuona,PF,2021-07-31 02:15:46,-9.8,-139.0333,77.4,72,40,13.18
57,Okhotsk,RU,2021-07-31 02:15:47,59.3833,143.3,62.15,55,41,4.03
58,Kiunga,PG,2021-07-31 02:15:47,-6.1219,141.2906,73.44,98,100,1.1
59,Bredasdorp,ZA,2021-07-31 02:15:47,-34.5322,20.0403,43.92,93,0,3.44
60,Ust-Tsilma,RU,2021-07-31 02:15:48,65.441,52.1498,50.94,72,100,5.21
61,Pisco,PE,2021-07-31 02:14:41,-13.7,-76.2167,61.02,88,90,11.5
62,Jamestown,US,2021-07-31 02:15:48,42.097,-79.2353,64.36,67,40,4.61
63,Naze,JP,2021-07-31 02:15:48,28.3667,129.4833,83.32,74,99,3.83
64,Arraial Do Cabo,BR,2021-07-31 02:15:05,-22.9661,-42.0278,64.63,60,68,14.9
65,Norman Wells,CA,2021-07-31 02:15:49,65.282,-126.8329,82.44,36,40,6.91
66,Belaya Gora,RU,2021-07-31 02:15:49,68.5333,146.4167,68.31,33,99,16.28
67,Longyearbyen,SJ,2021-07-31 02:15:49,78.2186,15.6401,39.04,70,40,14.97
68,Maniitsoq,GL,2021-07-31 02:15:50,65.4167,-52.9,45.97,81,8,6.13
69,General Pico,AR,2021-07-31 02:15:50,-35.6566,-63.7568,44.71,46,3,8.3
70,Murgab,TM,2021-07-31 02:15:50,37.4966,61.9714,69.67,35,0,9.22
71,Provideniya,RU,2021-07-31 02:15:51,64.3833,-173.3,46.94,94,100,5.19
72,Padang,ID,2021-07-31 02:15:51,-0.9492,100.3543,84.25,66,47,1.88
73,Rawson,AR,2021-07-31 02:14:25,-43.3002,-65.1023,47.19,43,2,14.41
74,Tautira,PF,2021-07-31 02:15:51,-17.7333,-149.15,82.42,68,78,14.47
75,Sault Sainte Marie,CA,2021-07-31 02:15:52,46.5168,-84.3333,61.09,61,75,6.91
76,Riohacha,CO,2021-07-31 02:15:52,11.5444,-72.9072,80.29,80,44,8.3
77,Zyryanka,RU,2021-07-31 02:15:52,65.75,150.85,59.14,42,100,7.18
78,Omoa,HN,2021-07-31 02:15:53,15.7667,-88.0333,80.78,87,87,5.91
79,Bilibino,RU,2021-07-31 02:15:53,68.0546,166.4372,40.35,59,100,10.22
80,Markova,UA,2021-07-31 02:15:53,48.6758,24.4138,56.79,66,3,6.13
81,Cabatuan,PH,2021-07-31 02:15:54,10.8794,122.486,87.31,67,99,12.35
82,Omboue,GA,2021-07-31 02:15:54,-1.5746,9.2618,73.35,83,53,7.18
83,Ahipara,NZ,2021-07-31 02:15:54,-35.1667,173.1667,60.1,76,100,14.76
84,Nanortalik,GL,2021-07-31 02:15:55,60.1432,-45.2371,45.0,83,100,2.57
85,Gigmoto,PH,2021-07-31 02:15:55,13.7796,124.39,87.42,69,100,12.46
86,Avarua,CK,2021-07-31 02:15:55,-21.2078,-159.775,75.25,69,20,14.97
87,Beringovskiy,RU,2021-07-31 02:15:55,63.05,179.3167,42.24,86,85,17.29
88,Hobart,AU,2021-07-31 02:15:56,-42.8794,147.3294,61.27,60,20,5.99
89,Hay River,CA,2021-07-31 02:15:56,60.8156,-115.7999,78.78,47,20,2.3
90,Saint George,US,2021-07-31 02:15:12,37.1041,-113.5841,90.63,39,1,3.0
91,Fort Nelson,CA,2021-07-31 02:15:56,58.8053,-122.7002,83.79,30,1,3.44
92,Cherskiy,RU,2021-07-31 02:15:57,68.75,161.3,38.46,98,100,10.65
93,Ribeira Grande,PT,2021-07-31 02:15:57,38.5167,-28.7,70.65,86,100,5.73
94,Spring Valley,US,2021-07-31 02:15:57,36.108,-115.245,91.24,40,90,3.0
95,Nieves,PH,2021-07-31 02:15:58,15.3274,120.9485,84.72,79,71,11.18
96,Clyde River,CA,2021-07-31 02:15:58,70.4692,-68.5914,43.03,87,1,4.61
97,Yellowknife,CA,2021-07-31 02:15:58,62.456,-114.3525,75.29,49,40,6.91
98,Lazaro Cardenas,MX,2021-07-31 02:15:59,17.9583,-102.2,79.25,88,100,11.52
99,Torbay,CA,2021-07-31 02:15:59,47.6666,-52.7314,60.28,98,90,21.85
100,Batemans Bay,AU,2021-07-31 02:13:48,-35.7167,150.1833,69.98,39,13,6.53
101,Grindavik,IS,2021-07-31 02:15:59,63.8424,-22.4338,57.9,100,0,0.0
102,Santa Maria,BR,2021-07-31 02:14:02,-29.6842,-53.8069,41.88,85,0,5.01
103,Yulara,AU,2021-07-31 02:16:00,-25.2406,130.9889,75.04,33,38,10.36
104,Bengkulu,ID,2021-07-31 02:16:00,-3.8004,102.2655,80.44,75,0,5.53
105,Batagay,RU,2021-07-31 02:16:00,67.6333,134.6333,75.87,27,21,5.93
106,Kenai,US,2021-07-31 02:12:10,60.5544,-151.2583,61.03,76,90,8.05
107,Esperance,AU,2021-07-31 02:16:01,-33.8667,121.9,51.33,70,20,20.33
108,Cabedelo,BR,2021-07-31 02:16:01,-6.9811,-34.8339,72.27,87,100,11.03
109,Cockburn Town,TC,2021-07-31 02:16:01,21.4612,-71.1419,82.33,83,3,18.57
110,Prince Rupert,CA,2021-07-31 02:16:02,54.3161,-130.3201,66.29,84,1,4.61
111,New Norfolk,AU,2021-07-31 02:16:02,-42.7826,147.0587,60.93,66,90,3.0
112,Katsuura,JP,2021-07-31 02:16:02,35.1333,140.3,84.31,67,1,12.08
113,Vardo,NO,2021-07-31 02:16:03,70.3705,31.1107,47.84,91,100,15.48
114,Pevek,RU,2021-07-31 02:12:15,69.7008,170.3133,33.46,85,100,6.17
115,Meadow Lake,US,2021-07-31 02:15:12,34.8014,-106.5436,84.31,35,99,10.31
116,Kobayashi,JP,2021-07-31 02:16:03,31.9833,130.9833,86.77,42,100,1.77
117,Pitsunda,GE,2021-07-31 02:16:03,43.1592,40.3378,69.71,74,0,3.98
118,Cuauhtemoc,MX,2021-07-31 02:13:42,28.4167,-106.8667,60.73,78,97,6.46
119,Quatre Cocos,MU,2021-07-31 02:16:04,-20.2078,57.7625,69.91,68,45,16.04
120,Tuktoyaktuk,CA,2021-07-31 02:16:04,69.4541,-133.0374,60.8,88,75,3.44
121,Thinadhoo,MV,2021-07-31 02:16:04,0.5333,72.9333,80.89,75,37,1.16
122,Golynki,RU,2021-07-31 02:16:05,54.8696,31.3861,56.03,92,1,8.19
123,Gebze,TR,2021-07-31 02:16:05,40.8028,29.4307,74.35,60,0,6.91
124,Makushino,RU,2021-07-31 02:16:05,55.2103,67.2442,61.66,86,4,7.96
125,Kununurra,AU,2021-07-31 02:16:05,-15.7667,128.7333,87.78,42,0,4.61
126,Asheville,US,2021-07-31 02:11:44,35.6009,-82.554,76.78,87,6,2.91
127,Naberera,TZ,2021-07-31 02:16:06,-4.2,36.9333,52.56,94,37,8.97
128,Tasiilaq,GL,2021-07-31 02:16:06,65.6145,-37.6368,42.96,80,19,0.76
129,Khatanga,RU,2021-07-31 02:16:07,71.9667,102.5,82.85,30,3,18.99
130,Clarence Town,AU,2021-07-31 02:16:07,-32.5833,151.7833,72.34,38,8,2.91
131,Flin Flon,CA,2021-07-31 02:16:07,54.7682,-101.865,71.69,36,58,8.57
132,Alta Floresta,BR,2021-07-31 02:16:08,-9.8756,-56.0861,67.08,37,0,3.85
133,Vanimo,PG,2021-07-31 02:16:08,-2.6741,141.3028,85.15,69,25,2.51
134,Porto Murtinho,BR,2021-07-31 02:16:11,-21.6989,-57.8825,58.33,21,100,2.84
135,Raudeberg,NO,2021-07-31 02:16:11,61.9875,5.1352,54.27,85,87,14.23
136,Burnie,AU,2021-07-31 02:14:04,-41.0667,145.9167,54.52,86,62,15.43
137,Vao,NC,2021-07-31 02:16:12,-22.6667,167.4833,68.0,54,2,25.14
138,Castro,BR,2021-07-31 02:16:12,-24.7911,-50.0119,36.46,90,99,4.97
139,Atambua,ID,2021-07-31 02:16:13,-9.1061,124.8925,83.34,51,6,0.87
140,Horsham,GB,2021-07-31 02:16:13,51.064,-0.3272,60.03,92,20,5.75
141,Bowen,AU,2021-07-31 02:16:13,-20.0167,148.2333,74.88,67,9,8.75
142,Touros,BR,2021-07-31 02:16:14,-5.1989,-35.4608,76.1,86,73,12.03
143,Morondava,MG,2021-07-31 02:16:14,-20.2833,44.2833,70.86,62,2,9.8
144,Vaini,TO,2021-07-31 02:16:14,-21.2,-175.2,73.56,94,90,5.75
145,Linxia,CN,2021-07-31 02:16:15,35.6003,103.2064,77.23,32,0,0.22
146,Port-Gentil,GA,2021-07-31 02:16:15,-0.7193,8.7815,75.74,78,25,14.16
147,San Policarpo,PH,2021-07-31 02:16:15,12.1791,125.5072,89.82,60,96,4.72
148,Nizhnyaya Tavda,RU,2021-07-31 02:16:16,57.6731,66.1725,58.69,97,86,5.57
149,Saint-Francois,FR,2021-07-31 02:16:16,46.4154,3.9054,62.04,80,0,3.44
150,Tombouctou,ML,2021-07-31 02:16:17,20.0,-3.0,91.98,32,51,2.51
151,Kawalu,ID,2021-07-31 02:16:17,-7.3817,108.2082,76.3,85,88,2.73
152,Mahebourg,MU,2021-07-31 02:15:17,-20.4081,57.7,70.09,68,75,11.5
153,Vila Velha,BR,2021-07-31 02:13:00,-20.3297,-40.2925,64.35,63,0,9.22
154,Richmond,US,2021-07-31 02:14:43,37.5538,-77.4603,79.99,89,20,3.44
155,Coihaique,CL,2021-07-31 02:16:19,-45.5752,-72.0662,31.95,86,0,3.44
156,Sitka,US,2021-07-31 02:16:19,57.0531,-135.33,67.89,68,20,3.44
157,Tanout,NE,2021-07-31 02:16:19,14.9709,8.8879,83.3,59,69,11.39
158,Orange,US,2021-07-31 02:15:30,33.7,-117.7675,94.68,71,75,1.01
159,Saint-Philippe,RE,2021-07-31 02:15:46,-21.3585,55.7679,67.59,71,33,11.99
160,Beisfjord,NO,2021-07-31 02:16:20,68.3751,17.5988,55.04,98,100,5.3
161,Dikson,RU,2021-07-31 02:16:20,73.5069,80.5464,42.01,99,100,0.87
162,Valdivia,CL,2021-07-31 02:16:20,-39.8142,-73.2459,39.92,98,35,1.77
163,Butaritari,KI,2021-07-31 02:14:47,3.0707,172.7902,80.26,77,65,3.49
164,Tabas,IR,2021-07-31 02:16:20,33.5959,56.9244,81.63,24,0,1.5
165,Furth Im Wald,DE,2021-07-31 02:16:21,49.3097,12.84,64.54,97,100,6.64
166,Jaru,BR,2021-07-31 02:16:21,-10.4389,-62.4664,68.63,38,0,3.94
167,Bethel,US,2021-07-31 02:16:22,41.3712,-73.414,70.56,67,1,5.75
168,Muros,ES,2021-07-31 02:16:22,42.7762,-9.0603,59.99,84,16,8.12
169,Manaquiri,BR,2021-07-31 02:16:22,-3.3167,-60.35,77.45,66,9,2.46
170,Hambantota,LK,2021-07-31 02:16:22,6.1241,81.1185,80.89,77,81,20.18
171,Iqaluit,CA,2021-07-31 02:16:23,63.7506,-68.5145,55.13,66,90,11.99
172,Margate,GB,2021-07-31 02:16:23,51.3813,1.3862,59.04,84,46,3.0
173,Hami,CN,2021-07-31 02:16:23,42.8,93.45,84.96,24,100,11.32
174,Kavieng,PG,2021-07-31 02:16:24,-2.5744,150.7967,84.65,70,65,7.31
175,Najran,SA,2021-07-31 02:16:24,17.4924,44.1277,86.65,41,90,0.83
176,Hofn,IS,2021-07-31 02:16:24,64.2539,-15.2082,48.45,87,15,8.59
177,Lucapa,AO,2021-07-31 02:16:25,-8.4192,20.7447,63.39,32,0,5.66
178,Aketi,CD,2021-07-31 02:16:25,2.7388,23.7833,70.23,93,100,2.15
179,Kindu,CD,2021-07-31 02:16:25,-2.95,25.95,70.95,44,83,2.57
180,Morro Bay,US,2021-07-31 02:16:25,35.3658,-120.8499,82.18,81,26,1.99
181,Boralday,KZ,2021-07-31 02:16:26,43.3578,76.8594,66.06,55,40,2.24
182,Thompson,CA,2021-07-31 02:16:26,55.7435,-97.8558,68.16,45,40,9.22
183,General Bravo,MX,2021-07-31 02:16:26,25.8,-99.1667,90.73,46,97,21.03
184,Lebu,CL,2021-07-31 02:16:27,-37.6167,-73.65,49.42,86,40,15.01
185,Conceicao Do Araguaia,BR,2021-07-31 02:16:27,-8.2578,-49.2647,78.93,50,0,5.75
186,Tazovskiy,RU,2021-07-31 02:16:27,67.4667,78.7,54.93,69,28,10.18
187,Jacareacanga,BR,2021-07-31 02:16:27,-6.2222,-57.7528,73.72,54,9,0.18
188,Santa Cruz,BO,2021-07-31 02:11:48,-17.8,-63.1667,56.66,54,54,5.75
189,Mazagao,BR,2021-07-31 02:16:28,-0.115,-51.2894,82.45,97,46,3.24
190,Ostrovnoy,RU,2021-07-31 02:16:28,68.0531,39.5131,45.81,94,100,9.98
191,Bismarck,US,2021-07-31 02:15:32,46.8083,-100.7837,82.44,51,75,1.01
192,Carnarvon,AU,2021-07-31 02:16:29,-24.8667,113.6333,64.47,50,40,20.71
193,Tamandare,BR,2021-07-31 02:16:29,-8.7597,-35.1047,73.56,85,12,10.56
194,Ukwa,IN,2021-07-31 02:16:29,21.9667,80.4667,71.51,97,100,7.56
195,Sarab,IR,2021-07-31 02:16:30,38.6066,44.9883,66.67,56,50,3.11
196,Nantucket,US,2021-07-31 02:14:58,41.2835,-70.0995,72.09,73,90,5.75
197,Nouadhibou,MR,2021-07-31 02:16:30,20.931,-17.0347,69.78,88,90,19.57
198,Mocuba,MZ,2021-07-31 02:16:30,-16.8392,36.9856,61.92,95,67,3.58
199,Baijiantan,CN,2021-07-31 02:16:31,45.6333,85.1833,79.02,27,20,12.17
200,Mehamn,NO,2021-07-31 02:16:31,71.0357,27.8492,46.33,84,100,7.47
201,Sur,OM,2021-07-31 02:16:31,22.5667,59.5289,87.06,62,70,14.27
202,Mayo,US,2021-07-31 02:16:32,38.8876,-76.5119,80.55,67,1,5.01
203,Fartura,BR,2021-07-31 02:16:32,-23.3883,-49.51,45.36,81,95,11.34
204,Cidreira,BR,2021-07-31 02:16:32,-30.1811,-50.2056,50.76,78,0,8.37
205,Northampton,US,2021-07-31 02:12:53,40.8754,-75.2499,68.18,73,0,8.37
206,Kendari,ID,2021-07-31 02:16:33,-3.945,122.4989,79.59,84,100,2.26
207,Huaihua,CN,2021-07-31 02:16:33,27.5494,109.9592,88.59,65,18,3.8
208,Yeppoon,AU,2021-07-31 02:16:33,-23.1333,150.7333,76.78,63,13,10.31
209,Zlitan,LY,2021-07-31 02:16:33,32.4674,14.5687,81.39,44,0,11.39
210,Rudnogorsk,RU,2021-07-31 02:16:34,57.2639,103.7519,72.7,57,2,4.32
211,Yerbogachen,RU,2021-07-31 02:16:34,61.2767,108.0108,73.2,32,10,9.22
212,Semnan,IR,2021-07-31 02:16:35,35.5729,53.3971,77.76,46,37,4.52
213,Williams Lake,CA,2021-07-31 02:16:35,52.1415,-122.1445,89.17,23,90,3.44
214,Plettenberg Bay,ZA,2021-07-31 02:16:35,-34.0527,23.3716,56.37,63,0,3.09
215,Saint-Augustin,CA,2021-07-31 02:16:35,51.226,-58.6502,55.11,89,100,3.98
216,Nurota,UZ,2021-07-31 02:16:36,40.5614,65.6886,75.29,34,60,10.85
217,Canutama,BR,2021-07-31 02:16:36,-6.5339,-64.3831,70.21,50,11,2.28
218,Vila Franca Do Campo,PT,2021-07-31 02:16:36,37.7167,-25.4333,68.41,90,32,4.18
219,Severo-Kurilsk,RU,2021-07-31 02:16:37,50.6789,156.125,54.55,96,100,11.63
220,Hovd,MN,2021-07-31 02:16:37,48.0056,91.6419,64.09,59,100,5.84
221,Vrangel,RU,2021-07-31 02:16:37,42.7297,133.0839,79.65,76,77,18.5
222,Henties Bay,NA,2021-07-31 02:16:38,-22.116,14.2845,71.31,28,0,13.56
223,Sioux Lookout,CA,2021-07-31 02:16:38,50.1001,-91.917,64.47,94,75,0.0
224,Sao Joao Da Barra,BR,2021-07-31 02:16:38,-21.6403,-41.0511,59.99,72,97,12.88
225,Kupang,ID,2021-07-31 02:16:39,-10.1667,123.5833,86.58,58,40,11.5
226,Xai-Xai,MZ,2021-07-31 02:16:39,-25.0519,33.6442,62.89,84,6,5.48
227,Doka,SD,2021-07-31 02:16:39,13.5167,35.7667,69.85,95,100,13.35
228,Namatanai,PG,2021-07-31 02:16:40,-3.6667,152.4333,84.33,70,96,4.56
229,Sambava,MG,2021-07-31 02:16:40,-14.2667,50.1667,67.01,88,57,12.5
230,Kande,TG,2021-07-31 02:16:40,9.9578,1.0447,73.24,88,100,3.78
231,Chake Chake,TZ,2021-07-31 02:16:41,-5.2459,39.7666,72.91,84,100,12.1
232,Nuevo Progreso,MX,2021-07-31 02:16:41,23.1667,-97.95,83.59,85,35,5.53
233,Namibe,AO,2021-07-31 02:16:41,-15.1961,12.1522,68.5,69,32,6.35
234,Saldanha,ZA,2021-07-31 02:16:42,-33.0117,17.9442,55.06,80,0,6.35
235,Takoradi,GH,2021-07-31 02:16:42,4.8845,-1.7554,75.11,89,96,6.11
236,Akdepe,TM,2021-07-31 02:16:42,42.0551,59.3788,71.69,23,18,6.58
237,Dubti,ET,2021-07-31 02:16:43,11.7361,41.0853,79.18,72,100,14.74
238,Nemuro,JP,2021-07-31 02:16:43,43.3236,145.575,82.83,95,86,8.72
239,Meulaboh,ID,2021-07-31 02:16:43,4.1363,96.1285,78.01,88,100,6.69
240,Fos-Sur-Mer,FR,2021-07-31 02:16:44,43.4377,4.9446,73.85,73,0,4.61
241,Timizart,DZ,2021-07-31 02:16:44,36.8,4.2667,84.72,30,54,3.89
242,Alice Springs,AU,2021-07-31 02:16:44,-23.7,133.8833,83.75,18,0,24.16
243,Bonfim,BR,2021-07-31 02:16:45,3.0833,-59.95,74.82,87,73,4.47
244,Karasburg,NA,2021-07-31 02:16:45,-28.0167,18.75,54.45,23,0,9.89
245,Berlevag,NO,2021-07-31 02:16:45,70.8578,29.0864,46.49,87,100,9.04
246,Kruisfontein,ZA,2021-07-31 02:16:45,-34.0033,24.7314,49.96,74,0,3.83
247,La Ronge,CA,2021-07-31 02:16:46,55.1001,-105.2842,73.65,43,40,4.61
248,Rocha,UY,2021-07-31 02:16:46,-34.4833,-54.3333,41.86,87,0,6.46
249,Chamalieres,FR,2021-07-31 02:16:47,45.7756,3.0631,63.32,68,75,5.75
250,Xining,CN,2021-07-31 02:16:47,36.6167,101.7667,69.76,40,0,1.72
251,Inirida,CO,2021-07-31 02:16:47,3.8653,-67.9239,71.92,98,85,1.99
252,Pedro Ii,BR,2021-07-31 02:16:47,-4.4247,-41.4586,69.19,90,80,1.95
253,Saint Anthony,US,2021-07-31 02:14:41,45.0205,-93.218,73.33,71,1,1.01
254,Odesa,UA,2021-07-31 02:16:48,46.4775,30.7326,69.73,88,0,2.24
255,Camacha,PT,2021-07-31 02:16:48,33.0833,-16.3333,69.53,83,75,11.5
256,Saskylakh,RU,2021-07-31 02:12:12,71.9167,114.0833,82.69,29,8,11.32
257,El Alto,PE,2021-07-31 02:16:49,-4.2714,-81.2147,63.59,88,14,14.92
258,Caronport,CA,2021-07-31 02:16:49,50.4501,-105.8179,83.68,28,0,10.92
259,Bandarbeyla,SO,2021-07-31 02:16:49,9.4942,50.8122,76.15,71,20,23.06
260,Roald,NO,2021-07-31 02:16:49,62.5833,6.1333,56.16,82,75,8.05
261,Bilma,NE,2021-07-31 02:16:50,18.6853,12.9164,91.24,35,14,6.13
262,Monterey,US,2021-07-31 02:16:50,36.2505,-121.2516,70.84,35,2,9.26
263,Sumbuya,SL,2021-07-31 02:16:50,7.6467,-11.9611,73.96,94,100,2.84
264,Sinnamary,GF,2021-07-31 02:16:51,5.3833,-52.95,78.15,83,7,5.03
265,Olinda,BR,2021-07-31 02:16:51,-8.0089,-34.8553,73.13,78,75,8.05
266,Roma,US,2021-07-31 02:15:42,43.2128,-75.4557,60.44,81,90,0.0
267,Bubaque,GW,2021-07-31 02:16:51,11.2833,-15.8333,78.82,84,100,22.55
268,Taybad,IR,2021-07-31 02:16:52,34.74,60.7756,72.99,21,0,19.33
269,Bongandanga,CD,2021-07-31 02:16:52,1.5,21.05,71.37,73,81,2.08
270,Ajaccio,FR,2021-07-31 02:12:32,42.0,8.9167,69.85,73,0,4.61
271,Nome,US,2021-07-31 02:16:52,64.5011,-165.4064,52.16,87,90,10.36
272,Okato,NZ,2021-07-31 02:16:53,-39.2,173.8833,61.43,63,94,3.29
273,Viedma,AR,2021-07-31 02:16:53,-40.8135,-62.9967,51.08,59,100,13.31
274,Santo Domingo,DO,2021-07-31 02:14:07,18.5001,-69.9886,79.93,82,22,6.02
275,Omis,HR,2021-07-31 02:16:53,43.4447,16.6886,77.77,51,0,5.12
276,Luderitz,NA,2021-07-31 02:16:54,-26.6481,15.1594,68.02,27,0,13.51
277,Pangnirtung,CA,2021-07-31 02:16:54,66.1451,-65.7125,56.3,68,91,1.63
278,Ozinki,RU,2021-07-31 02:16:54,51.1786,49.6769,73.83,41,67,7.49
279,Porto Alegre,BR,2021-07-31 02:12:31,-30.0331,-51.23,48.97,77,0,5.01
280,Sebeta,ET,2021-07-31 02:16:55,8.9167,38.6167,54.84,95,99,4.23
281,Chumikan,RU,2021-07-31 02:12:14,54.7183,135.315,49.03,93,100,19.17
282,Olga,RU,2021-07-31 02:16:55,43.7444,135.2892,80.71,72,75,7.99
283,Krasnoselkup,RU,2021-07-31 02:16:55,65.7,82.4667,59.85,60,66,5.77
284,Tahe,CN,2021-07-31 02:16:56,52.3333,124.7333,51.03,99,100,4.85
285,Da Nang,VN,2021-07-31 02:16:56,16.0678,108.2208,96.78,44,40,3.44
286,Chapais,CA,2021-07-31 02:15:48,49.7834,-74.8492,47.98,87,100,7.38
287,Cabo San Lucas,MX,2021-07-31 02:16:49,22.8909,-109.9124,91.62,66,1,4.0
288,Kikwit,CD,2021-07-31 02:16:56,-5.041,18.8162,78.22,31,88,1.03
289,Bolobo,CD,2021-07-31 02:16:57,-2.1667,16.2333,71.6,56,3,3.42
290,Ust-Kuyga,RU,2021-07-31 02:16:57,70.0167,135.6,75.63,34,47,17.52
291,Charters Towers,AU,2021-07-31 02:13:28,-20.1,146.2667,80.89,44,5,13.56
292,Soyo,AO,2021-07-31 02:16:57,-6.1349,12.3689,70.41,90,2,4.52
293,Bouar,CF,2021-07-31 02:16:58,5.934,15.596,64.29,94,98,3.09
294,Coahuayana,MX,2021-07-31 02:16:58,18.7333,-103.6833,83.68,87,100,1.95
295,Acari,PE,2021-07-31 02:16:58,-15.4311,-74.6158,63.16,77,63,4.12
296,Ancud,CL,2021-07-31 02:16:58,-41.8697,-73.8203,36.93,85,6,5.46
297,Road Town,VG,2021-07-31 02:16:59,18.4167,-64.6167,82.2,81,11,20.38
298,Oshikango,NA,2021-07-31 02:16:59,-17.4,15.8833,53.49,38,20,9.82
299,Manresa,ES,2021-07-31 02:17:00,41.725,1.8266,75.33,79,1,4.0
300,Klembivka,UA,2021-07-31 02:17:00,48.3904,28.4109,61.52,93,9,1.52
301,Fare,PF,2021-07-31 02:17:00,-16.7,-151.0167,77.58,71,42,17.2
302,Careiro Da Varzea,BR,2021-07-31 02:17:00,-3.2003,-59.8119,77.61,63,8,4.03
303,Tchaourou,BJ,2021-07-31 02:17:01,8.8865,2.5975,71.6,94,100,4.85
304,Karratha,AU,2021-07-31 02:17:01,-20.7377,116.8463,71.78,53,55,18.61
305,Tramandai,BR,2021-07-31 02:17:01,-29.9847,-50.1336,49.21,80,0,8.16
306,Lipin Bor,RU,2021-07-31 02:17:02,60.2622,37.9763,58.87,89,98,5.48
307,Chara,RU,2021-07-31 02:17:02,56.9064,118.2631,65.01,48,24,8.66
308,Boyolangu,ID,2021-07-31 02:17:02,-8.1181,111.8935,80.37,74,53,10.89
309,Kirra,GR,2021-07-31 02:17:03,38.4333,22.45,91.17,28,0,6.02
310,Suntar,RU,2021-07-31 02:17:03,62.1444,117.6319,75.83,32,19,3.47
311,Sosnovo-Ozerskoye,RU,2021-07-31 02:17:03,52.5249,111.5418,65.19,50,80,6.6
312,Kavaratti,IN,2021-07-31 02:17:03,10.5669,72.642,82.47,78,100,15.05
313,Walvis Bay,NA,2021-07-31 02:17:04,-22.9575,14.5053,77.95,12,0,24.16
314,Mbulu,TZ,2021-07-31 02:17:04,-3.85,35.5333,49.05,77,71,12.41
315,Groningen,NL,2021-07-31 02:13:31,53.25,6.75,62.02,73,40,5.99
316,Sawakin,SD,2021-07-31 02:17:04,19.1059,37.3321,91.27,53,100,9.1
317,Severo-Yeniseyskiy,RU,2021-07-31 02:17:05,60.3725,93.0408,63.79,52,74,3.58
318,Tigil,RU,2021-07-31 02:17:05,57.8,158.6667,61.77,53,96,8.16
319,Sangmelima,CM,2021-07-31 02:17:05,2.9333,11.9833,66.43,99,78,3.53
320,Ayan,RU,2021-07-31 02:17:06,56.45,138.1667,52.36,70,100,6.73
321,Daoukro,CI,2021-07-31 02:17:06,7.0591,-3.9631,71.64,95,100,3.36
322,Plouzane,FR,2021-07-31 02:17:06,48.3833,-4.6167,57.52,94,75,4.61
323,Waingapu,ID,2021-07-31 02:17:07,-9.6567,120.2641,84.85,53,7,8.21
324,Camrose,CA,2021-07-31 02:15:11,53.0168,-112.8353,81.39,39,0,5.46
325,Sao Filipe,CV,2021-07-31 02:17:07,14.8961,-24.4956,75.61,86,100,5.61
326,Smithers,CA,2021-07-31 02:17:07,54.7804,-127.1743,86.32,32,20,4.61
327,Novonikolayevskaya,RU,2021-07-31 02:17:08,45.5892,38.3689,69.3,73,12,3.74
328,Tuatapere,NZ,2021-07-31 02:17:08,-46.1333,167.6833,49.82,94,100,2.42
329,Sibolga,ID,2021-07-31 02:17:09,1.7427,98.7792,82.27,71,91,1.61
330,Filadelfia,US,2021-07-31 02:17:03,39.9523,-75.1638,75.09,58,1,5.75
331,Dire,ML,2021-07-31 02:17:09,12.2833,-10.9667,71.94,98,100,0.49
332,Talnakh,RU,2021-07-31 02:17:09,69.4865,88.3972,61.83,75,94,7.02
333,Jadu,LY,2021-07-31 02:17:10,31.953,12.0261,78.04,25,0,12.35
334,Fort-Shevchenko,KZ,2021-07-31 02:17:10,44.5086,50.263,79.16,36,0,15.41
335,Geraldton,AU,2021-07-31 02:17:10,-28.7667,114.6,60.13,67,40,17.27
336,Port Blair,IN,2021-07-31 02:17:11,11.6667,92.75,82.99,80,93,16.73
337,West Bay,KY,2021-07-31 02:17:11,19.3667,-81.4167,84.27,82,20,3.0
338,Kjollefjord,NO,2021-07-31 02:17:11,70.9457,27.3465,47.14,81,100,5.86
339,Maarianhamina,AX,2021-07-31 02:17:11,60.0973,19.9348,51.66,100,0,1.14
340,Paredon,MX,2021-07-31 02:17:12,16.0333,-93.8667,82.44,73,26,6.02
341,Itaituba,BR,2021-07-31 02:17:12,-4.2761,-55.9836,71.67,70,53,0.51
342,Sao Miguel Do Araguaia,BR,2021-07-31 02:17:13,-13.275,-50.1628,71.58,35,0,6.62
343,Ryotsu,JP,2021-07-31 02:17:13,38.0833,138.4333,85.96,70,0,3.98
344,Christchurch,NZ,2021-07-31 02:13:14,-43.5333,172.6333,57.47,80,40,7.0
345,Portland,US,2021-07-31 02:14:47,45.5234,-122.6762,95.52,38,75,1.99
346,Paamiut,GL,2021-07-31 02:17:13,61.994,-49.6678,49.64,78,100,6.67
347,Codrington,AU,2021-07-31 02:17:14,-38.2667,141.9667,57.34,81,91,16.46
348,Abreus,CU,2021-07-31 02:17:14,22.2775,-80.5675,77.99,86,14,5.46
349,San Joaquin,US,2021-07-31 02:17:14,37.9333,-121.3011,101.28,28,1,12.66
350,San Cristobal,VE,2021-07-31 02:17:15,7.7669,-72.225,75.38,98,94,4.23
351,Sabha,LY,2021-07-31 02:15:06,27.0377,14.4283,81.72,26,3,10.83
352,Port Augusta,AU,2021-07-31 02:17:15,-32.5,137.7667,72.72,37,53,16.46
353,Bintulu,MY,2021-07-31 02:17:15,3.1667,113.0333,81.01,89,20,3.44
354,Laguna,US,2021-07-31 02:17:16,38.421,-121.4238,104.45,25,1,5.01
355,Bulawayo,ZW,2021-07-31 02:17:16,-20.15,28.5833,47.07,69,2,12.12
356,Innisfail,AU,2021-07-31 02:15:11,-17.5333,146.0333,86.88,70,92,5.53
357,Traverse City,US,2021-07-31 02:17:16,44.7631,-85.6206,62.06,77,20,3.44
358,Ayorou,NE,2021-07-31 02:17:17,14.7308,0.9174,88.02,49,98,10.25
359,Mangochi,MW,2021-07-31 02:17:17,-14.4782,35.2645,62.2,85,7,8.3
360,Paita,PE,2021-07-31 02:17:17,-5.0892,-81.1144,66.42,84,4,16.73
361,Charcas,MX,2021-07-31 02:17:17,23.1333,-101.1167,65.62,69,98,12.28
362,Souillac,MU,2021-07-31 02:17:18,-20.5167,57.5167,70.18,68,75,11.5
363,Batamshinskiy,KZ,2021-07-31 02:17:18,50.5594,58.2747,71.58,41,79,8.81
364,Toora-Khem,RU,2021-07-31 02:17:19,52.4675,96.11,58.53,74,100,4.34
365,Kahului,US,2021-07-31 02:17:19,20.8947,-156.47,84.22,71,40,26.46
366,Hasaki,JP,2021-07-31 02:17:19,35.7333,140.8333,86.29,75,0,13.98
367,Nishihara,JP,2021-07-31 02:17:19,26.1842,127.7558,87.46,89,75,11.5
368,Moose Factory,CA,2021-07-31 02:17:20,51.2585,-80.6094,53.58,76,1,3.44
369,Komsomolskiy,UZ,2021-07-31 02:17:20,40.4272,71.7189,77.72,38,2,4.61
370,Tianpeng,CN,2021-07-31 02:17:20,30.9866,103.9393,88.27,58,98,3.13
371,Mecca,SA,2021-07-31 02:17:21,21.4267,39.8261,85.42,35,100,6.26
372,Ca Mau,VN,2021-07-31 02:17:21,9.1769,105.15,81.73,83,100,7.7
373,Buraydah,SA,2021-07-31 02:17:21,26.326,43.975,82.85,15,83,5.91
374,Itarema,BR,2021-07-31 02:17:21,-2.9248,-39.9167,78.89,79,100,14.45
375,Oktyabrskiy,RU,2021-07-31 02:17:22,54.4815,53.471,66.06,79,100,5.84
376,Havoysund,NO,2021-07-31 02:17:22,70.9963,24.6622,47.28,91,100,7.58
377,Faanui,PF,2021-07-31 02:17:22,-16.4833,-151.75,77.67,73,41,16.78
378,Marienburg,PL,2021-07-31 02:17:23,54.0359,19.0266,59.88,71,1,5.41
379,Batticaloa,LK,2021-07-31 02:17:23,7.7102,81.6924,81.07,66,10,4.5
380,Abha,SA,2021-07-31 02:17:23,18.2164,42.5053,66.02,82,40,4.61
381,Pacific Grove,US,2021-07-31 02:14:51,36.6177,-121.9166,81.25,85,40,4.0
382,Flinders,AU,2021-07-31 02:17:24,-34.5833,150.8552,64.2,37,39,8.19
383,Prainha,BR,2021-07-31 02:17:24,-1.8,-53.48,71.74,98,61,1.88
384,Rosarito,MX,2021-07-31 02:17:24,32.3333,-117.0333,82.04,73,99,10.36
385,Chernyshevskiy,RU,2021-07-31 02:17:25,63.0128,112.4714,71.85,33,39,6.67
386,Tuy Hoa,VN,2021-07-31 02:17:25,13.0833,109.3,90.59,51,83,15.77
387,Owo,NG,2021-07-31 02:17:25,7.1962,5.5868,69.19,99,100,3.04
388,Salalah,OM,2021-07-31 02:17:25,17.0151,54.0924,77.09,94,90,9.22
389,Ishinomaki,JP,2021-07-31 02:17:26,38.4167,141.3,80.6,74,80,7.02
390,Brae,GB,2021-07-31 02:17:26,60.3964,-1.353,49.91,76,100,13.35
391,Zhigansk,RU,2021-07-31 02:17:27,66.7697,123.3711,73.6,32,36,5.97
392,Mangai,CD,2021-07-31 02:17:27,-4.05,19.5333,79.12,30,99,1.19
393,Aklavik,CA,2021-07-31 02:17:27,68.2191,-135.0107,75.92,43,99,13.51
394,Muli,MV,2021-07-31 02:17:27,2.9167,73.5667,82.2,73,76,6.98
395,Estelle,US,2021-07-31 02:17:28,29.8458,-90.1067,89.6,74,75,4.61
396,Mount Isa,AU,2021-07-31 02:17:28,-20.7333,139.5,89.37,22,0,9.22
397,Pedernales,DO,2021-07-31 02:17:28,18.0384,-71.744,82.74,70,1,5.21
398,San Carlos De Bariloche,AR,2021-07-31 02:17:29,-41.1456,-71.3082,28.15,74,0,3.44
399,Mocajuba,BR,2021-07-31 02:17:29,-2.5842,-49.5072,72.59,99,90,3.13
400,Domoni,KM,2021-07-31 02:17:29,-12.2569,44.5319,75.72,79,0,14.99
401,Praia Da Vitoria,PT,2021-07-31 02:17:30,38.7333,-27.0667,72.75,88,40,7.16
402,Fortuna,US,2021-07-31 02:17:30,40.5982,-124.1573,57.54,93,90,10.36
403,Puerto Princesa,PH,2021-07-31 02:17:30,9.7392,118.7353,87.12,63,99,5.61
404,The Valley,AI,2021-07-31 02:17:30,18.217,-63.0578,82.81,82,29,19.93
405,Kamenka,RU,2021-07-31 02:17:31,51.3223,42.7678,65.71,95,95,6.62
406,Lompoc,US,2021-07-31 02:17:31,34.6391,-120.4579,73.54,82,90,10.36
407,Anloga,GH,2021-07-31 02:17:31,5.7947,0.8973,76.62,88,84,12.44
408,Monroe,US,2021-07-31 02:13:25,43.1501,-77.6831,63.09,76,40,5.75
409,Deputatskiy,RU,2021-07-31 02:17:32,69.3,139.9,69.31,32,33,21.16
410,Constitucion,CL,2021-07-31 02:17:32,-35.3333,-72.4167,51.42,85,7,8.5
411,Kaseda,JP,2021-07-31 02:17:32,31.4167,130.3167,88.84,74,99,5.21
412,Ewa Beach,US,2021-07-31 02:17:33,21.3156,-158.0072,87.75,54,75,9.22
413,Yumen,CN,2021-07-31 02:17:33,40.2833,97.2,82.22,20,5,23.58
414,Praia,CV,2021-07-31 02:17:33,14.9215,-23.5087,77.54,83,40,6.91
415,Tazmalt,DZ,2021-07-31 02:17:34,36.3868,4.3989,90.36,22,83,7.25
416,Lagoa,PT,2021-07-31 02:17:34,39.05,-27.9833,69.73,88,56,6.6
417,Mandiana,GN,2021-07-31 02:17:34,10.6333,-8.6833,71.67,96,100,6.29
418,Yarada,IN,2021-07-31 02:17:35,17.65,83.2667,84.52,74,90,8.05
419,Port Lincoln,AU,2021-07-31 02:14:31,-34.7333,135.8667,54.64,89,99,15.52
420,Pinawa,CA,2021-07-31 02:17:35,50.1489,-95.8811,72.59,50,39,6.71
421,Khandyga,RU,2021-07-31 02:17:35,62.6667,135.6,74.26,30,7,2.26
422,Sao Felix Do Xingu,BR,2021-07-31 02:17:36,-6.6447,-51.995,73.76,46,46,2.44
423,Sao Gabriel Da Cachoeira,BR,2021-07-31 02:17:36,-0.1303,-67.0892,72.0,80,75,0.98
424,San Patricio,US,2021-07-31 02:17:36,28.017,-97.5169,85.86,65,26,11.18
425,Troitskoye,RU,2021-07-31 02:17:37,52.9821,84.6757,64.22,71,1,3.09
426,Ankang,CN,2021-07-31 02:17:37,32.68,109.0172,86.38,66,0,2.21
427,Mgandu,TZ,2021-07-31 02:17:37,-5.95,34.1333,54.16,60,5,6.93
428,Luganville,VU,2021-07-31 02:17:38,-15.5333,167.1667,80.2,58,12,10.56
429,Lorengau,PG,2021-07-31 02:17:38,-2.0226,147.2712,84.25,70,97,4.25
430,Kalmunai,LK,2021-07-31 02:17:38,7.4167,81.8167,81.52,70,6,2.82
431,Popondetta,PG,2021-07-31 02:17:38,-8.7537,148.2534,88.81,54,96,6.46
432,Acapulco,MX,2021-07-31 02:17:39,16.8634,-99.8901,82.22,74,90,3.44
433,Wicklow,IE,2021-07-31 02:17:39,53.0,-6.4167,51.58,99,100,4.29
434,Monrovia,LR,2021-07-31 02:17:39,6.3005,-10.7969,76.77,86,28,7.16
435,Gat,IL,2021-07-31 02:14:03,31.61,34.7642,78.4,79,0,0.51
436,Kpandae,GH,2021-07-31 02:17:40,8.4689,-0.0113,72.41,93,100,5.79
437,Coolum Beach,AU,2021-07-31 02:17:40,-26.5333,153.1,72.1,61,0,7.92
438,Kulhudhuffushi,MV,2021-07-31 02:17:40,6.6221,73.07,82.2,76,32,11.56
439,Araxa,BR,2021-07-31 02:15:47,-19.5933,-46.9406,57.16,33,0,10.36
440,Nabire,ID,2021-07-31 02:17:41,-3.3667,135.4833,84.45,66,88,4.38
441,Dicabisagan,PH,2021-07-31 02:17:41,17.0818,122.4157,88.72,61,100,0.22
442,Nador,MA,2021-07-31 02:17:41,35.174,-2.9287,80.85,32,0,19.57
443,Avera,US,2021-07-31 02:17:42,33.194,-82.5271,86.72,91,91,4.47
444,Zalantun,CN,2021-07-31 02:17:42,48.0,122.7167,69.66,94,100,2.08
445,Goryachegorsk,RU,2021-07-31 02:17:42,55.4053,88.9154,61.05,78,0,1.52
446,Punta Alta,AR,2021-07-31 02:17:43,-38.8759,-62.0736,52.86,44,56,14.58
447,Broken Hill,AU,2021-07-31 02:14:00,-31.95,141.4333,71.96,31,40,15.28
448,Kutum,SD,2021-07-31 02:17:43,14.2,24.6667,71.29,72,60,8.97
449,Guacheta,CO,2021-07-31 02:17:43,5.3843,-73.6862,49.64,93,66,4.29
450,Nhulunbuy,AU,2021-07-31 02:17:44,-12.2333,136.7667,84.81,61,40,11.5
451,Nyakahanga,TZ,2021-07-31 02:17:44,-1.6033,31.1414,59.97,53,82,5.03
452,Kloulklubed,PW,2021-07-31 02:17:44,7.0419,134.2556,88.3,73,98,6.8
453,Middelburg,ZA,2021-07-31 02:17:45,-25.7751,29.4648,43.45,59,0,3.78
454,Linhares,BR,2021-07-31 02:17:45,-19.3911,-40.0722,64.83,61,100,7.63
455,Port Hedland,AU,2021-07-31 02:17:45,-20.3167,118.5667,77.05,50,75,14.97
456,Zhezkazgan,KZ,2021-07-31 02:17:46,47.8043,67.7144,72.52,22,0,4.23
457,Sumenep,ID,2021-07-31 02:17:46,-7.0167,113.8667,84.94,61,4,6.11
458,Kargasok,RU,2021-07-31 02:17:46,59.0556,80.8572,53.98,98,100,10.11
459,Labuhan,ID,2021-07-31 02:17:47,-6.8844,112.2051,83.66,63,0,2.08
460,Gamba,GA,2021-07-31 02:17:47,-2.65,10.0,71.91,84,71,5.44
461,Tanda,IN,2021-07-31 02:17:47,26.55,82.65,82.49,81,95,14.38
462,Rio Claro,BR,2021-07-31 02:16:19,-22.4114,-47.5614,48.02,77,85,7.2
463,Chittur,IN,2021-07-31 02:17:48,10.7,76.75,78.35,87,29,11.23
464,Russell,US,2021-07-31 02:17:48,32.3502,-85.1999,85.6,91,1,0.0
465,Normandin,CA,2021-07-31 02:17:48,48.8333,-72.5321,53.91,87,100,14.97
466,Korla,CN,2021-07-31 02:17:48,41.7597,86.1469,87.13,25,100,19.13
467,Tubuala,PA,2021-07-31 02:17:49,9.5167,-79.0333,80.33,83,98,5.59
468,Blagoveshchensk,RU,2021-07-31 02:17:49,50.2667,127.5333,61.41,100,75,13.42
469,Parkersburg,US,2021-07-31 02:14:41,39.2667,-81.5615,69.35,77,1,0.0
470,Trincomalee,LK,2021-07-31 02:17:49,8.5711,81.2335,81.7,76,31,20.54
471,Jingcheng,CN,2021-07-31 02:17:50,32.0142,120.2625,89.02,78,48,5.97
472,Batsfjord,NO,2021-07-31 02:17:50,70.6345,29.7185,46.4,90,100,5.66
473,Airai,TL,2021-07-31 02:17:50,-8.9266,125.4092,74.16,43,2,3.76
474,Doctor Arroyo,MX,2021-07-31 02:17:51,23.6667,-100.1833,71.38,64,100,4.14
475,Negombo,LK,2021-07-31 02:14:59,7.2083,79.8358,80.56,85,7,12.35
476,Myaundzha,RU,2021-07-31 02:17:51,63.0494,147.1858,57.88,40,22,7.52
477,Bijar,IR,2021-07-31 02:17:51,35.8668,47.6051,59.83,75,24,4.83
478,Narsaq,GL,2021-07-31 02:17:51,60.9167,-46.05,61.02,77,100,4.18
479,Tura,IN,2021-07-31 02:17:52,25.5198,90.2201,75.65,98,100,5.5
480,Yantal,RU,2021-07-31 02:17:52,56.8471,105.2542,73.89,47,0,4.43
481,Merauke,ID,2021-07-31 02:17:52,-8.4667,140.3333,76.46,88,100,7.67
482,Phek,IN,2021-07-31 02:17:53,25.6667,94.5,63.3,99,100,0.58
483,Champasak,LA,2021-07-31 02:17:53,14.75,106.0,79.68,93,100,1.72
484,Tevriz,RU,2021-07-31 02:17:53,57.509,72.4042,56.89,98,100,6.87
485,Vostok,RU,2021-07-31 02:17:54,46.4856,135.8833,83.97,50,63,4.32
486,Batagay-Alyta,RU,2021-07-31 02:17:54,67.8006,130.4114,76.66,22,25,1.28
487,Haines Junction,CA,2021-07-31 02:17:54,60.7522,-137.5108,73.35,23,40,8.05
488,Palmer,US,2021-07-31 02:17:55,42.1584,-72.3287,66.47,64,1,5.75
489,Marsh Harbour,BS,2021-07-31 02:17:55,26.5412,-77.0636,83.77,70,23,10.49
490,Harlingen,US,2021-07-31 02:15:37,26.1906,-97.6961,87.35,87,1,9.22
491,Green Valley,US,2021-07-31 02:17:55,31.8543,-110.9937,84.69,70,100,1.01
492,Te Anau,NZ,2021-07-31 02:17:56,-45.4167,167.7167,45.5,96,100,1.1
493,Bartica,GY,2021-07-31 02:17:56,6.4,-58.6167,77.32,99,96,0.98
494,Taywarah,AF,2021-07-31 02:17:56,33.35,64.4167,57.11,47,17,6.29
495,Manono,CD,2021-07-31 02:17:57,-7.3,27.4167,70.86,32,0,8.81
496,Stephenville Crossing,CA,2021-07-31 02:17:57,48.5,-58.4318,57.33,94,90,20.71
497,Curumani,CO,2021-07-31 02:17:57,9.1999,-73.5427,76.39,92,79,3.33
498,Mareeba,AU,2021-07-31 02:17:58,-17.0,145.4333,82.33,58,30,8.08
499,Gibgos,PH,2021-07-31 02:17:58,13.859,123.7675,86.16,70,100,5.5
500,Orotukan,RU,2021-07-31 02:17:59,62.2667,151.7,52.7,51,9,3.76
501,Sayaxche,GT,2021-07-31 02:17:59,16.5167,-90.1667,73.58,93,97,2.3
502,Yermakovskoye,RU,2021-07-31 02:17:59,53.2831,92.4003,57.22,96,100,3.67
503,Sobolevo,RU,2021-07-31 02:17:59,54.4299,31.8996,61.16,79,61,7.54
504,Port Hardy,CA,2021-07-31 02:15:12,50.6996,-127.4199,53.6,80,22,12.06
505,Srednekolymsk,RU,2021-07-31 02:18:00,67.45,153.6833,52.41,53,100,12.37
506,Olafsvik,IS,2021-07-31 02:18:00,64.8945,-23.7142,55.13,87,94,4.23
507,Cerritos,US,2021-07-31 02:16:30,33.8583,-118.0648,96.78,66,1,5.99
508,Kamaishi,JP,2021-07-31 02:18:00,39.2667,141.8833,85.15,88,94,9.78
509,Saint-Georges,GD,2021-07-31 02:18:01,12.0564,-61.7485,80.28,89,20,0.0
510,Freetown,SL,2021-07-31 02:15:00,8.484,-13.2299,74.7,95,100,7.83
511,Pahrump,US,2021-07-31 02:17:28,36.2083,-115.9839,90.05,64,100,11.95
512,Shimoda,JP,2021-07-31 02:18:01,34.6667,138.95,82.11,80,49,6.76
513,Wanaka,NZ,2021-07-31 02:18:01,-44.7,169.15,52.83,83,100,2.28
514,Mbala,ZM,2021-07-31 02:18:02,-8.8402,31.3659,52.9,68,0,13.96
515,Aripuana,BR,2021-07-31 02:18:02,-9.1667,-60.6333,67.91,48,0,2.42
516,Seoul,KR,2021-07-31 02:14:10,37.5683,126.9778,91.81,55,20,5.73
517,Sisimiut,GL,2021-07-31 02:18:03,66.9395,-53.6735,50.43,68,25,1.21
518,Yendi,GH,2021-07-31 02:16:17,9.4427,-0.0099,72.91,93,100,4.52
519,San Vicente,AR,2021-07-31 02:18:03,-26.6167,-54.1333,40.14,76,34,3.11
520,Wewak,PG,2021-07-31 02:18:03,-3.5534,143.6268,83.44,74,98,2.06
521,Mount Holly,US,2021-07-31 02:16:56,35.2982,-81.0159,84.15,88,40,3.44
522,Beira,MZ,2021-07-31 02:18:04,-19.8436,34.8389,67.01,90,59,11.86
523,Wanning,CN,2021-07-31 02:18:04,18.8003,110.3967,88.92,66,100,10.76
524,Saint-Pierre,RE,2021-07-31 02:18:04,-21.3393,55.4781,67.68,70,0,12.66
525,Eyl,SO,2021-07-31 02:18:05,7.9803,49.8164,76.12,66,99,21.74
526,Garoua,CM,2021-07-31 02:17:00,9.3,13.4,73.04,89,100,5.19
527,Iquitos,PE,2021-07-31 02:18:05,-3.7481,-73.2472,66.24,82,40,3.44
528,Miyoshi,JP,2021-07-31 02:18:05,35.0833,137.0667,93.85,57,24,3.49
529,Kautokeino,NO,2021-07-31 02:18:06,69.0125,23.0412,46.74,88,100,3.44
530,Poum,NC,2021-07-31 02:16:22,-20.2333,164.0167,70.5,57,3,24.16
531,Xuddur,SO,2021-07-31 02:18:06,4.1213,43.8894,66.79,74,88,16.24
532,Harper,LR,2021-07-31 02:18:06,4.375,-7.7169,75.36,88,17,8.23
533,Jilove U Prahy,CZ,2021-07-31 02:18:07,49.8955,14.4933,66.69,82,100,7.58
534,Belmonte,BR,2021-07-31 02:18:07,-15.8631,-38.8828,64.9,79,95,14.94
535,Asahikawa,JP,2021-07-31 02:18:07,43.7678,142.3703,88.81,45,40,5.75
536,Kemijarvi,FI,2021-07-31 02:18:08,66.7131,27.4306,48.25,89,100,4.09
537,Kathmandu,NP,2021-07-31 02:18:08,27.7167,85.3167,75.42,88,75,4.61
538,Bosaso,SO,2021-07-31 02:18:10,11.2842,49.1816,85.86,45,86,23.42
539,Waipawa,NZ,2021-07-31 02:18:10,-41.4122,175.5153,57.94,69,2,8.88
540,Toamasina,MG,2021-07-31 02:18:10,-18.1667,49.3833,66.2,100,75,5.75
541,Luan,CH,2021-07-31 02:18:10,46.3592,6.9759,59.65,90,91,1.81
542,Ipojuca,BR,2021-07-31 02:18:11,-8.3989,-35.0639,73.31,90,36,9.19
543,Vila,PT,2021-07-31 02:18:11,42.0304,-8.1588,52.7,77,91,4.65
544,Serro,BR,2021-07-31 02:18:11,-18.6047,-43.3794,53.35,86,82,3.98
545,Tiksi,RU,2021-07-31 02:18:12,71.6872,128.8694,49.06,73,99,4.83
546,Sept-Iles,CA,2021-07-31 02:18:12,50.2001,-66.3821,59.05,95,90,2.3
547,Guerrero Negro,MX,2021-07-31 02:18:12,27.9769,-114.0611,74.44,74,21,11.27
548,Leua,SK,2021-07-31 02:18:12,48.2156,18.6071,73.49,58,66,4.34
549,Pitimbu,BR,2021-07-31 02:18:13,-7.4706,-34.8086,72.19,87,98,11.3
550,Alofi,NU,2021-07-31 02:18:13,-19.0595,-169.9187,82.29,74,49,10.36
551,Binzhou,CN,2021-07-31 02:17:09,37.3667,118.0167,90.27,69,0,5.08
552,Piranshahr,IR,2021-07-31 02:18:13,36.701,45.1413,63.34,72,0,5.1
553,Berbera,SO,2021-07-31 02:18:14,10.4396,45.0143,86.61,44,17,27.27
554,Svetlaya,RU,2021-07-31 02:18:14,46.5389,138.3297,65.1,95,100,12.08
555,Mizdah,LY,2021-07-31 02:16:00,31.4451,12.9801,74.98,36,0,1.97
556,Atkinson,US,2021-07-31 02:15:00,42.8384,-71.147,67.24,60,1,1.01
557,Central Point,US,2021-07-31 02:18:14,42.376,-122.9164,83.64,46,75,5.01
558,Ilebo,CD,2021-07-31 02:18:15,-4.3167,20.5833,77.16,37,83,1.86
559,Faya,SA,2021-07-31 02:18:15,18.3851,42.4509,66.31,71,88,5.57
